s22 X,s22 YRe,s22 YReImag
1000000,0.9999981769681279,-0.00125665541576428
5999000,0.999933854812499,-0.007538245865437181
10998000,0.9997776588170357,-0.01381769298531715
15997000,0.9995296733223507,-0.02009322530837201
20996000,0.9991900193516541,-0.02636306844254754
25995000,0.9987588623334955,-0.03262545201153604
30994000,0.9982364120350349,-0.03887861141014889
35993000,0.997622922331483,-0.04512078924547974
40992000,0.9969186909128376,-0.05135023671980962
45991000,0.9961240589379943,-0.05756521498823767
50990000,0.9952394106386067,-0.06376399649658318
55989000,0.9942651728739509,-0.06994486629966427
60988000,0.9932018146378552,-0.07610612335865714
65987000,0.9920498465188035,-0.08224608181583211
70986000,0.9908098201143736,-0.08836307224485378
75985000,0.9894823274012541,-0.09445544287482797
80984000,0.9880680000621782,-0.1005215607863201
85983000,0.9865675087711874,-0.1065598130776274
90982000,0.9849815624387055,-0.1125686079996608
95981000,0.9833109074179924,-0.1185463760578727
100980000,0.9815563266746119,-0.1244915710797473
105979000,0.9797186389205803,-0.1304026712464634
110978000,0.9777986977149722,-0.1362781800874265
115977000,0.975797390532773,-0.1421166274364664
120976000,0.9737156378038152,-0.1479165703485885
125975000,0.9715543919236842,-0.1536765939762675
130974000,0.9693146362385348,-0.1593953124043726
135973000,0.9669973840057302,-0.1650713694429124
140972000,0.9646036773323123,-0.1707034393768906
145971000,0.9621345860932469,-0.176290227672662
150970000,0.9595912068314931,-0.1818304716402857
155969000,0.9569746616418593,-0.1873229410514664
160968000,0.9542860970406661,-0.1927664387127814
165967000,0.9515266828232241,-0.1981598009939824
170966000,0.9486976109110978,-0.2035018983112704
175965000,0.9458000941911371,-0.208791635565522
180964000,0.9428353653482366,-0.2140279525355572
185963000,0.9398046756937277,-0.2192098242266159
190962000,0.9367092939913328,-0.2243362611743073
195961000,0.9335505052825068,-0.2294063097043797
200960000,0.9303296097130211,-0.2344190521487455
205959000,0.9270479213625498,-0.2393736070182697
210958000,0.9237067670790333,-0.2442691291329166
215957000,0.9203074853194226,-0.2491048097099098
220956000,0.9168514249985507,-0.2538798764106482
225955000,0.9133399443476247,-0.2585935933471701
230954000,0.9097744097838838,-0.2632452610490246
235953000,0.9061561947929151,-0.2678342163914808
240952000,0.9024866788249517,-0.2723598324860313
245951000,0.8987672462065917,-0.276821518534233
250950000,0.8949992850691098,-0.2812187196459394
255949000,0.8911841862946182,-0.2855509166230461
260948000,0.8873233424811939,-0.2898176257098941
265947000,0.883418146928044,-0.2940183983115184
270946000,0.8794699926416942,-0.2981528206809547
275945000,0.8754802713641434,-0.3022205135768408
280944000,0.871450372623811,-0.3062211318925768
285943000,0.8673816828101293,-0.3101543642583272
290942000,0.8632755842723676,-0.3140199326171412
295941000,0.8591334544435321,-0.3178175917765253
300940000,0.854956664989756,-0.3215471289367535
305939000,0.8507465809857095,-0.3252083631972269
310938000,0.8465045601166379,-0.3288011450422331
315937000,0.8422319519071879,-0.3323253558073698
320936000,0.8379300969775227,-0.3357809071279738
325935000,0.8336003263268483,-0.3391677403708279
330934000,0.8292439606447113,-0.342485826050457
335933000,0.8248623096500369,-0.3457351632312553
340932000,0.8204566714581052,-0.3489157789167145
345931000,0.8160283319754211,-0.3520277274269755
350930000,0.8115785643225841,-0.3550710897659413
355929000,0.8071086282849502,-0.3580459729791166
360928000,0.8026197697909567,-0.360952509503322
365927000,0.7981132204181438,-0.3637908565094847
370926000,0.793590196926399,-0.3665611952395356
375925000,0.7890519008183452,-0.3692637303385394
380924000,0.7844995179265748,-0.3718986891831083
385923000,0.7799342180272921,-0.3744663212070732
390922000,0.7753571544801627,-0.376966897225454
395921000,0.770769463893775,-0.3794007087575998
400920000,0.7661722658165047,-0.3817680673504968
405919000,0.7615666624522381,-0.3840693039030758
410918000,0.7569537384003748,-0.3863047679923431
415917000,0.7523345604198277,-0.3884748272022009
420916000,0.7477101772162524,-0.3905798664556525
425915000,0.7430816192522083,-0.3926202873512057
430914000,0.7384498985795107,-0.394596507504108
435913000,0.7338160086932817,-0.3965089598931087
440912000,0.729180924407105,-0.3983580922133607
445911000,0.7245456017486396,-0.4001443662360457
450910000,0.7199109778752522,-0.4018682571753299
455909000,0.7152779710087231,-0.4035302530630513
460908000,0.7106474803888319,-0.4051308541317845
465907000,0.7060203862448358,-0.4066705722066
470906000,0.7013975497843501,-0.4081499301059778
475905000,0.6967798131990635,-0.4095694610523052
480904000,0.6921679996866068,-0.4109297080922784
485903000,0.6875629134877914,-0.4122312235274711
490902000,0.6829653399390065,-0.4134745683555445
495901000,0.67837604553848,-0.4146603117220691
500900000,0.6737957780266211,-0.415789030383561
505899000,0.6692252664790688,-0.416861308181606
510898000,0.6646652214122393,-0.4178777355284289
515897000,0.6601163349008163,-0.4188389089040904
520896000,0.6555792807062824,-0.4197454303652909
525895000,0.6510547144162391,-0.4205979070660579
530894000,0.6465432735937702,-0.4213969507903065
535893000,0.6420455779362022,-0.4221431774963011
540892000,0.6375622294430208,-0.4228372068732217
545891000,0.6330938125919767,-0.4234796619096249
550890000,0.628640894523405,-0.4240711684741186
555889000,0.6242040252313827,-0.4246123549077412
560888000,0.6197837377624076,-0.4251038516286995
565887000,0.6153805484200194,-0.4255462907487916
570886000,0.6109949569752779,-0.4259403057016716
575885000,0.6066274468830719,-0.4262865308831479
580884000,0.6022784855030359,-0.4265856013029696
585883000,0.5979485243251599,-0.4268381522482932
590882000,0.5936379991995433,-0.4270448189586638
595881000,0.5893473305698211,-0.427206236312329
600880000,0.5850769237098472,-0.4273230385237483
605879000,0.5808271689635287,-0.427395858852326
610878000,0.5765984419869961,-0.4274253293219295
615877000,0.5723911039930898,-0.427412080451249
620876000,0.5682055019976471,-0.4273567409947029
625875000,0.5640419690675942,-0.4272599376939736
630874000,0.5599008245697785,-0.4271222950394308
635873000,0.555782374421268,-0.4269444350420167
640872000,0.551686911339978,-0.4267269770147727
645871000,0.5476147150956405,-0.4264705373640288
650870000,0.5435660527610844,-0.4261757293902345
655869000,0.5395411789632607,-0.4258431630979894
660868000,0.5355403361337852,-0.4254734450150748
665867000,0.531563754758978,-0.4250671780204451
670866000,0.5276116536292683,-0.4246249611810421
675865000,0.5236842400871182,-0.4241473895967023
680864000,0.5197817102740652,-0.4236350542535888
685863000,0.5159042493763542,-0.4230885418856654
690862000,0.5120520318688448,-0.4225084348438735
695861000,0.5082252217571575,-0.4218953109729071
700860000,0.504423972818359,-0.4212497434957754
705859000,0.5006484288389002,-0.420572300904944
710858000,0.4968987238510412,-0.4198635468610453
715857000,0.4931749823668048,-0.4191240400982258
720856000,0.4894773196091537,-0.4183543343357306
725855000,0.4858058417413491,-0.4175549781965235
730854000,0.4821606460931793,-0.4167265151316078
735853000,0.4785418213845736,-0.4158694833504001
740852000,0.4749494479468785,-0.4149844157573525
745851000,0.4713835979404994,-0.414071839893402
750850000,0.4678443355703497,-0.4131322778835628
755849000,0.4643317172981676,-0.4121662463896149
760848000,0.4608457920512639,-0.4111742565672856
765847000,0.4573866014289281,-0.4101568140290822
770846000,0.4539541799053997,-0.4091144188114968
775845000,0.4505485550294457,-0.4080475653464967
780844000,0.4471697476211305,-0.406956742437783
785843000,0.4438177719651253,-0.4058424332409845
790842000,0.4404926360008774,-0.4047051152479918
795841000,0.4371943415094404,-0.4035452602750689
800840000,0.4339228842971503,-0.4023633344548311
805839000,0.4306782543757859,-0.4011597982314902
810838000,0.4274604361397765,-0.3999351063599275
815837000,0.4242694085398619,-0.3986897079077178
820836000,0.4211051452535453,-0.3974240462603759
825835000,0.4179676148520763,-0.3961385591293556
830834000,0.4148567809647958,-0.3948336785636973
835833000,0.4117726024393189,-0.3935098309632683
840832000,0.4087150334991623,-0.3921674370954622
845831000,0.4056840238978314,-0.3908069121139866
850830000,0.4026795190697521,-0.389428665580053
855829000,0.3997014602781475,-0.3880331014859983
860828000,0.3967497847595183,-0.3866206182807017
865827000,0.3938244258650874,-0.3851916088971397
870826000,0.3909253131993773,-0.3837464607822064
875825000,0.3880523727551477,-0.3822855559275273
880824000,0.3852055270459767,-0.3808092709029544
885823000,0.3823846952351926,-0.3793179768907759
890822000,0.3795897932623553,-0.3778120397221811
895821000,0.3768207339663052,-0.3762918199144403
900820000,0.3740774272058476,-0.3747576727102322
905819000,0.3713597799768911,-0.3732099481171837
910818000,0.3686676965275753,-0.3716489909498534
915817000,0.366001078469788,-0.3700751408715232
920816000,0.3633598248884562,-0.3684887324378123
925815000,0.3607438324480401,-0.3668900951411371
930814000,0.3581529954961995,-0.3652795534557396
935813000,0.3555872061649796,-0.3636574268837978
940812000,0.3530463544692948,-0.3620240300020472
945811000,0.3505303284029624,-0.3603796725092496
950810000,0.3480390140322311,-0.3587246592742742
955809000,0.3455722955867089,-0.3570592903844549
960808000,0.3431300555482886,-0.3553838611952169
965807000,0.3407121747369117,-0.3536986623787037
970806000,0.3383185323949556,-0.3520039799745341
975805000,0.3359490062686308,-0.3503000954396185
980804000,0.3336034726873538,-0.3485872856986548
985803000,0.3312818066411476,-0.3468658231953385
990802000,0.3289838818554105,-0.3451359759428514
995801000,0.3267095708639898,-0.3433980075753266
1000800000,0.3244587450800782,-0.3416521773992643
1005799000,0.322231274864808,-0.3398987404444522
1010798000,0.3200270295944301,-0.3381379475161491
1015797000,0.3178458777247704,-0.3363700452456596
1020796000,0.315687686854623,-0.33459527614266
1025795000,0.3135523237864499,-0.3328138786457485
1030794000,0.3114396545860474,-0.3310260871745831
1035793000,0.3093495446397538,-0.3292321321804939
1040792000,0.3072818587102992,-0.327432240197791
1045791000,0.3052364609908795,-0.3256266338947755
1050790000,0.3032132151575571,-0.3238155321245775
1055789000,0.3012119844198684,-0.3219991499753894
1060788000,0.2992326315700518,-0.3201776988209993
1065787000,0.2972750190306552,-0.3183513863709028
1070786000,0.2953390089005818,-0.3165204167200799
1075785000,0.2934244629997773,-0.3146849903987896
1080784000,0.2915312429120871,-0.3128453044211127
1085783000,0.2896592100273399,-0.3110015523347818
1090782000,0.2878082255814298,-0.3091539242691251
1095781000,0.2859781506954608,-0.3073026069837023
1100780000,0.2841688464133205,-0.3054477839158894
1105779000,0.2823801737382752,-0.3035896352289661
1110778000,0.2806119936677982,-0.3017283378583148
1115777000,0.2788641672279872,-0.2998640655595609
1120776000,0.2771365555057763,-0.2979969889533481
1125775000,0.2754290196810065,-0.29612727557268
1130774000,0.2737414210566331,-0.2942550899076578
1135773000,0.2720736210881607,-0.2923805934507441
1140772000,0.2704254814120035,-0.29050394474162
1145771000,0.2687968638727782,-0.2886252994114663
1150770000,0.2671876305494598,-0.286744810226446
1155769000,0.2655976437806646,-0.2848626271310497
1160768000,0.2640267661891493,-0.2829788972916128
1165767000,0.2624748607049849,-0.2810937651380362
1170766000,0.260941790588094,-0.279207372405945
1175765000,0.2594274194498956,-0.27731985817839
1180764000,0.2579316112740488,-0.275431358926915
1185763000,0.2564542304362658,-0.2735420085517834
1190762000,0.254995141723493,-0.2716519384224321
1195761000,0.2535542103521595,-0.2697612774168706
1200760000,0.2521313019857352,-0.2678701519609231
1205759000,0.2507262827515293,-0.2659786860669117
1210758000,0.249339019256787,-0.2640870013720117
1215757000,0.2479693786039392,-0.2621952171754348
1220756000,0.2466172284054977,-0.2603034504766191
1225755000,0.245282436797815,-0.2584118160108416
1230754000,0.2439648724546946,-0.256520426286519
1235753000,0.2426644046000761,-0.2546293916208008
1240752000,0.2413809030200964,-0.2527388201744333
1245751000,0.2401142380747661,-0.2508488179872256
1250750000,0.238864280708915,-0.2489594890122486
1255749000,0.2376309024626304,-0.2470709351497565
1260748000,0.2364139754812067,-0.2451832562809826
1265747000,0.2352133725244594,-0.2432965503007223
1270746000,0.234028966975671,-0.2414109131503301
1275745000,0.2328606328499263,-0.2395264388494861
1280744000,0.2317082448021137,-0.2376432195283809
1285743000,0.2305716781342986,-0.2357613454583844
1290742000,0.229450808802816,-0.2338809050833244
1295741000,0.2283455134247856,-0.2320019850493247
1300740000,0.2272556692843337,-0.2301246702350635
1305739000,0.2261811543383794,-0.2282490437813594
1310738000,0.2251218472219751,-0.2263751871199582
1315737000,0.2240776272533103,-0.2245031800021595
1320736000,0.2230483744383687,-0.2226331005271434
1325735000,0.2220339694751792,-0.2207650251694942
1330734000,0.2210342937578238,-0.2188990288071134
1335733000,0.2200492293799601,-0.217035184747394
1340732000,0.219078659138191,-0.2151735647544724
1345731000,0.2181224665350017,-0.2133142390748698
1350730000,0.2171805357814709,-0.2114572764635075
1355729000,0.2162527517996713,-0.2096027442091011
1360728000,0.2153390002247562,-0.2077507081587053
1365727000,0.2144391674068598,-0.2059012327428251
1370726000,0.2135531404126665,-0.2040543809993562
1375725000,0.2126808070267368,-0.2022102145971253
1380724000,0.2118220557526587,-0.2003687938600144
1385723000,0.2109767758138683,-0.198530177789317
1390722000,0.2101448571543245,-0.1966944240868451
1395721000,0.2093261904389396,-0.194861589177332
1400720000,0.2085206670537942,-0.1930317282303134
1405719000,0.2077281791061509,-0.1912048951816482
1410718000,0.2069486194242987,-0.1893811427548355
1415717000,0.2061818815571927,-0.187560522482329
1420716000,0.2054278597739219,-0.1857430847261135
1425715000,0.2046864490629827,-0.1839288786971047
1430714000,0.2039575451314373,-0.1821179524767969
1435713000,0.2032410444038553,-0.1803103530349407
1440712000,0.2025368440211495,-0.1785061262506617
1445711000,0.2018448418392322,-0.1767053169304143
1450710000,0.2011649364275498,-0.1749079688269098
1455709000,0.2004970270674773,-0.173114124657647
1460708000,0.1998410137505855,-0.1713238261226707
1465707000,0.1991967971767672,-0.1695371139231824
1470706000,0.1985642787522843,-0.1677540277777995
1475705000,0.1979433605876491,-0.1659746064409891
1480704000,0.197333945495435,-0.1641988877194261
1485703000,0.1967359369879789,-0.1624269084884114
1490702000,0.1961492392749642,-0.160658704708646
1495701000,0.1955737572609226,-0.1588943114424101
1500700000,0.1950093965426463,-0.1571337628690437
1505699000,0.1944560634065144,-0.1553770923006352
1510698000,0.1939136648257129,-0.1536243321977203
1515697000,0.1933821084574274,-0.1518755141836353
1520696000,0.1928613026399131,-0.1501306690597594
1525695000,0.1923511563895057,-0.1483898268200365
1530694000,0.1918515793975459,-0.1466530166656613
1535693000,0.1913624820273396,-0.1449202670180482
1540692000,0.1908837753108961,-0.1431916055338366
1545691000,0.1904153709457364,-0.1414670591178919
1550690000,0.189957181291593,-0.1397466539368142
1555689000,0.1895091193670724,-0.1380304154320904
1560688000,0.1890710988462876,-0.1363183683327423
1565687000,0.1886430340553407,-0.1346105366688759
1570686000,0.1882248399689816,-0.1329069437828392
1575685000,0.1878164322069489,-0.1312076123428345
1580684000,0.1874177270304955,-0.129512564354198
1585683000,0.1870286413388147,-0.127821821171171
1590682000,0.186649092665321,-0.1261354035093449
1595681000,0.1862789991741429,-0.1244533314559061
1600680000,0.1859182796562409,-0.1227756244825003
1605679000,0.1855668535258668,-0.1211023014549487
1610678000,0.185224640816855,-0.1194333806440502
1615677000,0.1848915621786547,-0.1177688797377749
1620676000,0.1845675388727659,-0.1161088158502588
1625675000,0.1842524927688409,-0.1144532055329144
1630674000,0.1839463463409161,-0.1128020647842503
1635673000,0.1836490226635643,-0.1111554090600547
1640672000,0.1833604454081075,-0.1095132532828889
1645671000,0.1830805388386711,-0.1078756118522942
1650670000,0.1828092278083977,-0.1062424986538467
1655669000,0.1825464377555817,-0.1046139270684629
1660668000,0.1822920946997633,-0.1029899099817389
1665667000,0.1820461252379102,-0.1013704597926252
1670666000,0.1818084565404356,-0.0997555884227771
1675665000,0.1815790163473241,-0.0981453073251637
1680664000,0.18135773296445,-0.09653962749158122
1685663000,0.1811445352593297,-0.09493855946284711
1690662000,0.1809393526575387,-0.09334211333551216
1695661000,0.1807421151387356,-0.09175029877044164
1700660000,0.1805527532326918,-0.09016312500118755
1705659000,0.1803711980154847,-0.08858060084144523
1710658000,0.1801973811056909,-0.08700273469248465
1715657000,0.1800312346603798,-0.08542953455130768
1720656000,0.1798726913713404,-0.08386100801767306
1725655000,0.1797216844612348,-0.08229716230141104
1730654000,0.1795781476796503,-0.08073800422997217
1735653000,0.1794420152994236,-0.07918354025485318
1740652000,0.1793132221126701,-0.07763377645910026
1745651000,0.1791917034270596,-0.07608871856374698
1750650000,0.1790773950620006,-0.07454837193457177
1755649000,0.1789702333447734,-0.07301274158894053
1760648000,0.1788701551068035,-0.07148183220207056
1765647000,0.1787770976799679,-0.06995564811311102
1770646000,0.1786909988927314,-0.06843419333180897
1775645000,0.17861179706645,-0.06691747154446706
1780644000,0.1785394310116397,-0.06540548612001917
1785643000,0.1784738400242967,-0.06389824011584259
1790642000,0.1784149638821135,-0.06239573628389806
1795641000,0.1783627428410546,-0.06089797707559132
1800640000,0.1783171176313432,-0.05940496464860996
1805639000,0.1782780294540651,-0.05791670087159965
1810638000,0.1782454199775283,-0.05643318732967167
1815637000,0.1782192313335356,-0.0549544253301179
1820636000,0.1781994061139143,-0.0534804159072862
1825635000,0.178185887366836,-0.05201115982807594
1830634000,0.1781786185934402,-0.05054665759645982
1835633000,0.1781775437441819,-0.04908690945884555
1840632000,0.1781826072151527,-0.04763191540946121
1845631000,0.1781937538451346,-0.04618167519352582
1850630000,0.1782109289113678,-0.04473618831423543
1855629000,0.1782340781268947,-0.0432954540350644
1860628000,0.1782631476363827,-0.04185947138650242
1865627000,0.17829808401328,-0.04042823916888342
1870626000,0.1783388342561794,-0.03900175595752248
1875625000,0.1783853457854383,-0.03758002010705908
1880624000,0.1784375664399647,-0.03616302975534527
1885623000,0.1784954444737192,-0.03475078282810564
1890622000,0.1785589285524996,-0.03334327704277982
1895621000,0.1786279677507665,-0.03194050991229165
1900620000,0.1787025115481706,-0.03054247874957369
1905619000,0.1787825098264599,-0.02914918067107188
1910618000,0.1788679128661685,-0.02776061260082731
1915617000,0.1789586713435294,-0.02637677127395133
1920616000,0.1790547363271926,-0.02499765324061272
1925615000,0.1791560592751582,-0.02362325486945913
1930614000,0.179262592031707,-0.02225357235103647
1935613000,0.1793742868239863,-0.02088860170206679
1940612000,0.1794910962593341,-0.01952833876788922
1945611000,0.179612973321728,-0.01817277922702722
1950610000,0.1797398713694629,-0.01682191859281023
1955609000,0.1798717441313167,-0.01547575221858924
1960608000,0.1800085457041565,-0.01413427529952688
1965607000,0.1801502305496241,-0.01279748287656272
1970606000,0.1802967534914224,-0.01146536983896787
1975605000,0.1804480697121027,-0.01013793092804964
1980604000,0.1806041347504799,-0.008815160739420768
1985603000,0.1807649044985558,-0.007497053726383385
1990602000,0.1809303351984528,-0.006183604203273844
1995601000,0.1811003834401741,-0.004874806346991072
2000600000,0.1812750061581436,-0.003570654201198344
2005599000,0.1814541606287494,-0.002271141678338857
2010598000,0.1816378044674998,-0.0009762625624822264
2015597000,0.1818258956262393,0.0003139894879474525
2020596000,0.1820183923903318,0.001599620937382227
2025595000,0.1822152533762533,0.002880638371180169
2030594000,0.1824164375284851,0.004157048492223012
2035593000,0.1826219041172625,0.005428858119298461
2040592000,0.182831612735477,0.006696074183741576
2045591000,0.1830455232965005,0.007958703727943099
2050590000,0.1832635960311311,0.009216753902092893
2055589000,0.1834857914856189,0.01047023196307132
2060588000,0.1837120705181625,0.01171914527031706
2065587000,0.1839423942974749,0.01296350128576488
2070586000,0.1841767242994627,0.01420330757006663
2075585000,0.1844150223048688,0.01543857178073672
2080584000,0.1846572503970532,0.01666930167050286
2085583000,0.1849033709593741,0.01789550508492214
2090582000,0.1851533466727362,0.01911718996028988
2095581000,0.1854071405130631,0.02033436432143688
2100580000,0.1856647157491773,0.02154703628024592
2105579000,0.1859260359399333,0.02275521403281775
2110578000,0.1861910649327032,0.02395890585907973
2115577000,0.1864597668600998,0.02515812011920399
2120576000,0.186732106138241,0.02635286525280861
2125575000,0.1870080474641165,0.02754314977654465
2130574000,0.1872875558135787,0.0287289822827811
2135573000,0.1875705964389593,0.02991037143763249
2140572000,0.1878571348666702,0.03108732597895562
2145571000,0.1881471368954273,0.03225985471542163
2150570000,0.1884405685934258,0.03342796652377483
2155569000,0.18873739629677,0.03459167034824503
2160568000,0.1890375866066609,0.03575097519783738
2165567000,0.1893411063879733,0.03690589014596119
2170566000,0.1896479227663956,0.03805642432765479
2175565000,0.1899580031268664,0.03920258693895819
2180564000,0.1902713151112805,0.04034438723507239
2185563000,0.1905878266162453,0.04148183452860508
2190562000,0.1909075057912912,0.04261493818855303
2195561000,0.1912303210367119,0.04374370763866514
2200560000,0.1915562410013816,0.04486815235579188
2205559000,0.1918852345812303,0.04598828186925216
2210558000,0.1922172709166254,0.04710410575848245
2215557000,0.192552319390831,0.0482156336523703
2220556000,0.1928903496277792,0.04932287522751594
2225555000,0.1932313314905474,0.05042584020757758
2230554000,0.1935752350787994,0.05152453836101669
2235553000,0.1939220307275615,0.05261897950088557
2240552000,0.194271689004647,0.05370917348255988
2245551000,0.1946241807095579,0.0547951302036892
2250550000,0.194979476871004,0.05587685960207193
2255549000,0.1953375487451512,0.05695437165461702
2260548000,0.1956983678140658,0.05802767637659569
2265547000,0.1960619057836295,0.0590967838201018
2270546000,0.1964281345820813,0.06016170407342758
2275545000,0.19679702635785,0.0612224472593999
2280544000,0.197168553477957,0.06227902353455275
2285543000,0.1975426885261906,0.06333144308795274
2290542000,0.1979194043017976,0.06437971614076446
2295541000,0.1982986738171273,0.06542385294431741
2300540000,0.1986804702962208,0.06646386377952038
2305539000,0.1990647671732031,0.06749975895598267
2310538000,0.1994515380906412,0.06853154881108324
2315537000,0.1998407568975535,0.06955924370855401
2320536000,0.2002323976480913,0.07058285403799981
2325535000,0.2006264345999731,0.07160239021404528
2330534000,0.2010228422122691,0.07261786267463291
2335533000,0.2014215951447953,0.07362928188145464
2340532000,0.2018226682554041,0.07463665831758669
2345531000,0.202226036599485,0.07564000248804745
2350530000,0.2026316754273081,0.07663932491750984
2355529000,0.2030395601836295,0.07763463615097217
2360528000,0.2034496665050858,0.07862594675154691
2365527000,0.2038619702196884,0.07961326730096117
2370526000,0.2042764473441891,0.08059660839732373
2375525000,0.2046930740835275,0.0815759806555489
2380524000,0.2051118268292271,0.08255139470642435
2385523000,0.2055326821571628,0.08352286119490446
2390522000,0.2059556168271304,0.08449039078065416
2395521000,0.2063806077807646,0.08545399413652063
2400520000,0.2068076321401002,0.08641368194781325
2405519000,0.207236667206586,0.08736946491212988
2410518000,0.20766769045929,0.088321353738191
2415517000,0.2081006795535103,0.08926935914516912
2420516000,0.208535612319676,0.09021349186235605
2425515000,0.2089724667619755,0.09115376262851031
2430514000,0.2094112210564516,0.09209018219055226
2435513000,0.209851853550133,0.09302276130350572
2440512000,0.2102943427596646,0.09395151072983081
2445511000,0.2107386673701488,0.0948764412390007
2450510000,0.2111848062333104,0.0957975636062873
2455509000,0.2116327383663856,0.09671488861239771
2460508000,0.2120824429512989,0.09762842704342392
2465507000,0.2125338993329613,0.09853818968978419
2470506000,0.212987087017545,0.0994441873451417
2475505000,0.2134419856725338,0.1003464308073375
2480504000,0.2138985751240257,0.101244930876201
2485503000,0.2143568353564562,0.1021396983541011
2490502000,0.2148167465111654,0.1030307440451834
2495501000,0.2152782888847882,0.1039180787544155
2500500000,0.2157414429286977,0.1048017132877983
2505499000,0.2162061892472389,0.1056816584512334
2510498000,0.2166725085967032,0.1065579250502121
2515497000,0.2171403818845068,0.1074305238897155
2520496000,0.2176097901673086,0.1082994657729616
2525495000,0.2180807146508787,0.1091647615020432
2530494000,0.2185531366878539,0.1100264218762931
2535493000,0.2190270377775339,0.1108844576928172
2540492000,0.2195023995637777,0.1117388797450323
2545491000,0.2199792038350035,0.1125896988233999
2550490000,0.2204574325220152,0.1134369257138782
2555489000,0.2209370676978319,0.1142805711984787
2560488000,0.2214180915763646,0.1151206460545914
2565487000,0.2219004865103811,0.1159571610536134
2570486000,0.2223842349919776,0.1167901269621254
2575485000,0.222869319650119,0.1176195545400683
2580484000,0.223355723251025,0.1184454545418287
2585483000,0.2238434286953561,0.1192678377140639
2590482000,0.2243324190188725,0.1200867147970429
2595481000,0.2248226773904105,0.1209020965232739
2600480000,0.2253141871111104,0.1217139936174003
2605479000,0.2258069316136437,0.1225224167960735
2610478000,0.2263008944607205,0.1233273767671337
2615477000,0.2267960593444789,0.1241288842296341
2620476000,0.2272924100856952,0.1249269498737062
2625475000,0.2277899306319771,0.1257215843794179
2630474000,0.2282886050579882,0.1265127984176109
2635473000,0.2287884175632058,0.1273006026483477
2640472000,0.2292893524720776,0.1280850077216636
2645471000,0.2297913942321816,0.1288660242764118
2650470000,0.2302945274142034,0.1296436629408264
2655469000,0.230798736710218,0.130417934331483
2660468000,0.2313040069329828,0.1311888490532171
2665467000,0.2318103230153541,0.131956417699147
2670466000,0.232317670009057,0.1327206508500891
2675465000,0.2328260330840126,0.1334815590744966
2680464000,0.2333353975269576,0.1342391529277458
2685463000,0.2338457487410783,0.1349934429523481
2690462000,0.2343570722452069,0.1357444396777465
2695461000,0.2348693536722726,0.1364921536194626
2700460000,0.2353825787694448,0.1372365952797401
2705459000,0.2358967333961999,0.1379777751463422
2710458000,0.2364118035244134,0.1387157036931489
2715457000,0.2369277752365802,0.1394503913790923
2720456000,0.2374446347259629,0.1401818486487918
2725455000,0.2379623682952585,0.1409100859318812
2730454000,0.2384809623555115,0.1416351136425611
2735453000,0.2390004034258084,0.142356942179817
2740452000,0.2395206781326604,0.1430755819273737
2745451000,0.2400417732079614,0.1437910432524202
2750450000,0.2405636754900065,0.1445033365069495
2755449000,0.2410863719207541,0.1452124720259125
2760448000,0.2416098495469152,0.1459184601285862
2765447000,0.2421340955179159,0.1466213111173335
2770446000,0.2426590970854297,0.1473210352776561
2775445000,0.2431848416028772,0.1480176428782317
2780444000,0.2437113165244345,0.1487111441705393
2785443000,0.2442385094043653,0.1494015493887458
2790442000,0.2447664078963943,0.1500888687496276
2795441000,0.2452949997523584,0.1507731124519066
2800440000,0.2458242728224198,0.1514542906768454
2805439000,0.2463542150538367,0.1521324135876817
2810438000,0.2468848144899678,0.1528074913292404
2815437000,0.2474160592699992,0.1534795340281398
2820436000,0.2479479376283589,0.1541485517927246
2825435000,0.2484804378933165,0.1548145547123724
2830434000,0.2490135484872227,0.1554775528580787
2835433000,0.2495472579248628,0.1561375562815669
2840432000,0.2500815548132982,0.1567945750155635
2845431000,0.2506164278513709,0.1574486190737987
2850430000,0.2511518658286511,0.1580996984505799
2855429000,0.251687857624626,0.1587478231205564
2860428000,0.2522243922085488,0.1593930030389801
2865427000,0.2527614586386862,0.1600352481415075
2870426000,0.2532990460609008,0.160674568343504
2875425000,0.253837143709535,0.1613109735410683
2880424000,0.2543757409048295,0.1619444736094715
2885423000,0.2549148270536057,0.1625750784040295
2890422000,0.2554543916488303,0.1632027977601267
2895421000,0.2559944242678807,0.1638276414922985
2900420000,0.2565349145726428,0.1644496193946526
2905419000,0.2570758523088323,0.1650687412407193
2910418000,0.2576172273054984,0.1656850167834344
2915417000,0.258159029473628,0.1662984557544724
2920416000,0.2587012488064186,0.1669090678647864
2925415000,0.2592438753788204,0.167516862804601
2930414000,0.2597868993456198,0.1681218502423958
2935413000,0.2603303109426858,0.1687240398261
2940412000,0.260874100484747,0.1693234411818617
2945411000,0.2614182583660047,0.1699200639147949
2950410000,0.2619627750582427,0.170513917607983
2955409000,0.2625076411120115,0.1711050118236165
2960408000,0.2630528471544442,0.1716933561017942
2965407000,0.2635983838895886,0.1722789599610668
2970406000,0.2641442420978324,0.1728618328983457
2975405000,0.2646904126343816,0.1734419843881787
2980404000,0.2652368864302099,0.1740194238836906
2985403000,0.2657836544904801,0.1745941608158204
2990402000,0.2663307078940611,0.1751662045932936
2995401000,0.2668780377935778,0.1757355646029505
3000400000,0.2674256354142359,0.1763022502092571
3005399000,0.2679734920534431,0.1768662707543427
3010398000,0.2685215990810299,0.1774276355584316
3015397000,0.2690699479373224,0.1779863539188657
3020396000,0.2696185301333234,0.1785424351105062
3025395000,0.2701673372515145,0.1790958883865328
3030394000,0.2707163609422796,0.1796467229764078
3035393000,0.2712655929265326,0.1801949480878456
3040392000,0.2718150249934388,0.1807405729056256
3045391000,0.2723646490004317,0.1812836065918673
3050390000,0.2729144568725634,0.1818240582858932
3055389000,0.2734644406022135,0.1823619371043111
3060388000,0.2740145922482362,0.1828972521407385
3065387000,0.2745649039361044,0.1834300124661572
3070386000,0.2751153678567888,0.1839602271284742
3075385000,0.2756659762665552,0.1844879051526521
3080384000,0.2762167214866424,0.1850130555407666
3085383000,0.276767595902528,0.1855356872718125
3090382000,0.2773185919634045,0.1860558093016275
3095381000,0.2778697021820149,0.1865734305630497
3100380000,0.2784209191340354,0.187088559965787
3105379000,0.2789722354579491,0.1876012063965855
3110378000,0.2795236438537307,0.1881113787186834
3115377000,0.2800751370828352,0.1886190857720509
3120376000,0.2806267079688285,0.1891243363739995
3125375000,0.28117834939497,0.1896271393179915
3130374000,0.2817300543051375,0.1901275033744194
3135373000,0.2822818157031513,0.190625437290445
3140372000,0.2828336266521074,0.1911209497898433
3145371000,0.2833854802739375,0.1916140495729756
3150370000,0.2839373697492709,0.1921047453169394
3155369000,0.2844892883168433,0.1925930456754516
3160368000,0.2850412292727789,0.1930789592786731
3165367000,0.2855931859710847,0.1935624947336968
3170366000,0.2861451518219909,0.1940436606238452
3175365000,0.2866971202926147,0.1945224655092523
3180364000,0.2872490849055993,0.1949989179263259
3185363000,0.2878010392398971,0.1954730263883968
3190362000,0.2883529769288986,0.1959447993848958
3195361000,0.2889048916616686,0.1964142453822461
3200360000,0.2894567771809538,0.1968813728229858
3205359000,0.2900086272842348,0.1973461901265428
3210358000,0.2905604358217557,0.1978087056883827
3215357000,0.2911121966980159,0.1982689278810106
3220356000,0.291663903869249,0.1987268650528303
3225355000,0.2922155513455187,0.1991825255294563
3230354000,0.2927671331880475,0.1996359176124997
3235353000,0.2933186435098849,0.2000870495801189
3240352000,0.2938700764754807,0.200535929687002
3245351000,0.2944214263007729,0.2009825661645975
3250350000,0.2949726872515936,0.2014269672204803
3255349000,0.2955238536446165,0.2018691410390413
3260348000,0.2960749198460946,0.2023090957810209
3265347000,0.2966258802715396,0.2027468395835469
3270346000,0.2971767293865406,0.2031823805607293
3275345000,0.2977274617044061,0.2036157268026525
3280344000,0.2982780717876756,0.204046886376334
3285343000,0.2988285542466245,0.2044758673251466
3290342000,0.2993789037394767,0.2049026776691147
3295341000,0.2999291149719463,0.2053273254048649
3300340000,0.3004791826966868,0.2057498185055333
3305339000,0.3010291017126492,0.2061701649206396
3310338000,0.3015788668661317,0.2065883725767603
3315337000,0.3021284730484803,0.2070044493766054
3320336000,0.3026779151980616,0.2074184032001321
3325335000,0.3032271882972821,0.2078302419032913
3330334000,0.3037762873741867,0.2082399733189694
3335333000,0.3043252075020961,0.2086476052569798
3340332000,0.3048739437974646,0.2090531455032194
3345331000,0.3054224914222488,0.2094566018209608
3350330000,0.3059708455809216,0.2098579819496121
3355329000,0.3065190015227619,0.2102572936059547
3360328000,0.3070669545391611,0.2106545444830559
3365327000,0.3076146999645448,0.2110497422508608
3370326000,0.308162233176196,0.2114428945562772
3375325000,0.3087095495934999,0.2118340090229871
3380324000,0.3092566446771383,0.2122230932512449
3385323000,0.3098035139307393,0.2126101548187828
3390322000,0.31035015289798,0.2129952012796593
3395321000,0.3108965571640883,0.2133782401650986
3400320000,0.3114427223548633,0.2137592789832113
3405319000,0.3119886441367334,0.2141383252191626
3410318000,0.3125343182160398,0.2145153863350243
3415317000,0.3130797403391143,0.2148904697699572
3420316000,0.3136249062915359,0.2152635829400356
3425315000,0.314169811898654,0.2156347332386331
3430314000,0.3147144530242936,0.2160039280360106
3435313000,0.3152588255711919,0.2163711746796488
3440312000,0.3158029254806269,0.2167364804942442
3445311000,0.316346748731954,0.2170998527816539
3450310000,0.3168902913420288,0.2174612988208028
3455309000,0.3174335493659259,0.217820825868129
3460308000,0.3179765188953321,0.2181784411570541
3465307000,0.318519196059466,0.2185341518985159
3470306000,0.3190615770239749,0.2188879652806476
3475305000,0.3196036579916837,0.2192398884692298
3480304000,0.3201454352008966,0.2195899286071334
3485303000,0.3206869049259973,0.2199380928147082
3490302000,0.3212280634778721,0.2202843881900937
3495301000,0.3217689072014553,0.220628821808362
3500300000,0.3223094324782927,0.220971400722687
3505299000,0.32284963572412,0.2213121319635124
3510298000,0.3233895133891123,0.2216510225387939
3515297000,0.3239290619590163,0.2219880794345643
3520296000,0.324468277952259,0.2223233096139499
3525295000,0.3250071579225349,0.2226567200182998
3530294000,0.3255456984565819,0.2229883175664626
3535293000,0.3260838961744719,0.2233181091550292
3540292000,0.3266217477295705,0.2236461016584404
3545291000,0.3271592498086535,0.2239723019291715
3550290000,0.3276963991304613,0.2242967167973036
3555289000,0.3282331924469406,0.2246193530711242
3560288000,0.3287696265417481,0.2249402175366912
3565287000,0.3293056982310456,0.2252593169582536
3570286000,0.329841404362055,0.2255766580778498
3575285000,0.3303767418143868,0.2258922476159096
3580284000,0.3309117074980581,0.2262060922706598
3585283000,0.3314462983551352,0.2265181987188436
3590282000,0.3319805113577854,0.226828573615138
3595281000,0.3325143435090814,0.2271372235925619
3600280000,0.3330477918427255,0.2274441552625006
3605279000,0.3335808534223705,0.2277493752145819
3610278000,0.3341135253411676,0.2280528900166398
3615277000,0.3346458047231875,0.228354706215329
3620276000,0.3351776887207829,0.2286548303353208
3625275000,0.3357091745164371,0.2289532688800637
3630274000,0.3362402593214062,0.2292500283314263
3635273000,0.336770940375934,0.2295451151498953
3640272000,0.3373012149489041,0.2298385357745648
3645271000,0.3378310803374283,0.2301302966231109
3650270000,0.3383605338672169,0.2304204040920352
3655269000,0.3388895728919721,0.2307088645565707
3660268000,0.339418194793081,0.2309956843706863
3665267000,0.3399463969795073,0.2312808698671756
3670266000,0.3404741768882502,0.2315644273579029
3675265000,0.3410015319825299,0.2318463631333336
3680264000,0.341528459753327,0.2321266834631358
3685263000,0.3420549577182714,0.232405394595935
3690262000,0.3425810234217381,0.2326825027594452
3695261000,0.3431066544342076,0.232958014160381
3700260000,0.3436318483525422,0.2332319349846519
3705259000,0.3441566028000682,0.2335042713974875
3710258000,0.3446809154253294,0.2337750295431527
3715257000,0.3452047839030286,0.2340442155453548
3720256000,0.3457282059327367,0.2343118355069458
3725255000,0.3462511792401928,0.2345778955104142
3730254000,0.346773701575489,0.2348424016174521
3735253000,0.3472957707140925,0.2351053598693505
3740252000,0.347817384455684,0.2353667762867649
3745251000,0.3483385406252897,0.2356266568701475
3750250000,0.3488592370713617,0.2358850075992791
3755249000,0.3493794716675513,0.2361418344338953
3760248000,0.3498992423103429,0.2363971433130878
3765247000,0.3504185469209626,0.2366509401559612
3770246000,0.3509373834439351,0.2369032308613212
3775245000,0.3514557498476263,0.237154021307913
3780244000,0.3519736441231049,0.2374033173542065
3785243000,0.3524910642849495,0.2376511248387155
3790242000,0.3530080083706852,0.2378974495799374
3795241000,0.3535244744404133,0.2381422973763452
3800240000,0.3540404605771397,0.2383856740065737
3805239000,0.3545559648860228,0.2386275852293077
3810238000,0.3550709854946508,0.2388680367834504
3815237000,0.3555855205530842,0.2391070343882245
3820236000,0.356099568232543,0.2393445837429195
3825235000,0.3566131267267441,0.2395806905273357
3830234000,0.3571261942503208,0.2398153604014568
3835233000,0.3576387690402907,0.2400485990059342
3840232000,0.3581508493542545,0.2402804119616941
3845231000,0.3586624334711872,0.2405108048702481
3850230000,0.3591735196909451,0.2407397833136405
3855229000,0.3596841063343874,0.2409673528545825
3860228000,0.3601941917432248,0.2411935190364969
3865227000,0.3607037742789763,0.2414182873833335
3870226000,0.3612128523239648,0.2416416633999222
3875225000,0.3617214242809375,0.2418636525719645
3880224000,0.3622294885722379,0.2420842603658979
3885223000,0.3627370436408603,0.2423034922292606
3890222000,0.3632440879486756,0.2425213535903368
3895221000,0.3637506199773251,0.242737849858455
3900220000,0.3642566382283741,0.2429529864241191
3905219000,0.3647621412224686,0.2431667686588907
3910218000,0.3652671274992154,0.2433792019154269
3915217000,0.3657715956175747,0.2435902915276862
3920216000,0.3662755441553722,0.2438000428108714
3925215000,0.3667789717086494,0.2440084610613756
3930214000,0.3672818768922768,0.2442155515570064
3935213000,0.3677842583403652,0.2444213195571559
3940212000,0.3682861147043195,0.2446257703024399
3945211000,0.3687874446540216,0.244828909015048
3950210000,0.3692882468775827,0.2450307408987754
3955209000,0.3697885200806064,0.2452312711389289
3960208000,0.3702882629870925,0.2454305049026156
3965207000,0.3707874743383159,0.2456284473385654
3970206000,0.371286152892665,0.2458251035771853
3975205000,0.3717842974267849,0.2460204787308817
3980204000,0.3722819067334546,0.2462145778936865
3985203000,0.3727789796238257,0.2464074061418018
3990202000,0.3732755149245384,0.2465989685330789
3995201000,0.3737715114801909,0.2467892701076124
4000200000,0.3742669681520387,0.2469783158875382
4005199000,0.3747618838171818,0.2471661108769481
4010198000,0.3752562573698424,0.2473526600622346
4015197000,0.3757500877202526,0.2475379684119193
4020196000,0.3762433737948598,0.2477220408767934
4025195000,0.3767361145364181,0.2479048823900008
4030194000,0.3772283089034005,0.2480864978669925
4035193000,0.37771995587019,0.2482668922056418
4040192000,0.3782110544268704,0.2484460702862765
4045191000,0.3787016035792754,0.2486240369717652
4050190000,0.3791916023481943,0.2488007971074379
4055189000,0.3796810497704046,0.2489763555213485
4060188000,0.3801699448977718,0.2491507170241815
4065187000,0.3806582867966553,0.2493238864092143
4070186000,0.3811460745494362,0.2494958684526746
4075185000,0.3816333072524816,0.2496666679134265
4080184000,0.3821199840173524,0.2498362895332724
4085183000,0.3826061039700812,0.2500047380368934
4090182000,0.3830916662515733,0.2501720181319822
4095181000,0.383576670016613,0.2503381345091414
4100180000,0.3840611144349666,0.2505030918421532
4105179000,0.3845449986899392,0.2506668947877863
4110178000,0.3850283219792874,0.2508295479860298
4115177000,0.3855110835149054,0.250991056060107
4120176000,0.3859932825217454,0.2511514236163566
4125175000,0.3864749182395906,0.2513106552446008
4130174000,0.3869559899212136,0.2514687555179155
4135173000,0.3874364968334481,0.2516257289928526
4140172000,0.3879164382558855,0.2517815802093147
4145171000,0.3883958134819334,0.2519363136907828
4150170000,0.3888746218176773,0.2520899339442039
4155169000,0.3893528625833873,0.252242445460294
4160168000,0.3898305351115881,0.2523938527133022
4165167000,0.3903076387476316,0.2525441601611619
4170166000,0.3907841728498502,0.2526933722455814
4175165000,0.3912601367896513,0.2528414933921266
4180164000,0.3917355299503942,0.2529885280101101
4185163000,0.3922103517289981,0.2531344804928984
4190162000,0.3926846015333967,0.2532793552175953
4195161000,0.3931582787850156,0.2534231565454764
4200160000,0.3936313829168625,0.2535658888217681
4205159000,0.3941039133744071,0.253707556375839
4210158000,0.3945758696151809,0.2538481635212066
4215157000,0.3950472511079648,0.2539877145554813
4220156000,0.3955180573341277,0.2541262137606249
4225155000,0.3959882877869831,0.2542636654029101
4230154000,0.3964579419703509,0.2544000737327963
4235153000,0.3969270194010517,0.2545354429853226
4240152000,0.3973955196060615,0.2546697773797871
4245151000,0.3978634421247416,0.2548030811201095
4250150000,0.3983307865069692,0.254935358394639
4255149000,0.3987975523144809,0.2550666133763902
4260148000,0.3992637391193716,0.2551968502229199
4265147000,0.3997293465054528,0.2553260730765388
4270146000,0.4001943740673091,0.2554542860642776
4275145000,0.4006588214100122,0.2555814932978861
4280144000,0.4011226881493566,0.2557076988739369
4285143000,0.4015859739124903,0.2558329068739622
4290142000,0.4020486783362196,0.2559571213642921
4295141000,0.4025108010686074,0.2560803463963173
4300140000,0.4029723417679634,0.2562025860064254
4305139000,0.4034333001024584,0.2563238442160045
4310138000,0.4038936757507463,0.2564441250315893
4315137000,0.404353468402211,0.2565634324449259
4320136000,0.4048126777549725,0.2566817704328223
4325135000,0.4052713035185462,0.2567991429574879
4330134000,0.4057293454119286,0.2569155539663857
4335133000,0.4061868031633116,0.2570310073922544
4340132000,0.4066436765114108,0.2571455071533124
4345131000,0.4070999652039244,0.2572590571531368
4350130000,0.407555668998854,0.257371661280876
4355129000,0.4080107876633761,0.2574833234111742
4360128000,0.4084653209737215,0.2575940474042155
4365127000,0.4089192687160874,0.257703837105872
4370126000,0.4093726306857912,0.2578126963476791
4375125000,0.4098254066869353,0.257920628946849
4380124000,0.4102775965333438,0.2580276387064187
4385123000,0.4107292000474445,0.2581337294151936
4390122000,0.4111802170607906,0.2582389048478597
4395121000,0.4116306474138705,0.2583431687650085
4400120000,0.4120804909556062,0.2584465249131477
4405119000,0.4125297475445822,0.2585489770248632
4410118000,0.4129784170471897,0.2586505288187136
4415117000,0.4134264993389321,0.258751183999383
4420116000,0.4138739943031988,0.2588509462576459
4425115000,0.4143209018324769,0.258949819270506
4430114000,0.4147672218275771,0.2590478067011906
4435113000,0.4152129541973437,0.2591449121991705
4440112000,0.4156580988588459,0.2592411394002424
4445111000,0.4161026557377181,0.2593364919265918
4450110000,0.4165466247676231,0.2594309733868077
4455109000,0.4169900058897502,0.2595245873758863
4460108000,0.4174327990538502,0.259617337475382
4465107000,0.4178750042171446,0.2597092272533482
4470106000,0.4183166213450438,0.2598002602644575
4475105000,0.4187576504110855,0.2598904400500364
4480104000,0.4191980913950175,0.2599797701379957
4485103000,0.4196379442862355,0.260068254043095
4490102000,0.420077209079764,0.2601558952667384
4495101000,0.4205158857796283,0.2602426972972395
4500100000,0.4209539743964872,0.2603286636097114
4505099000,0.4213914749491847,0.2604137976662236
4510098000,0.4218283874628328,0.2604981029157159
4515097000,0.4222647119700913,0.2605815827941514
4520096000,0.4227004485117931,0.2606642407245642
4525095000,0.4231355971342639,0.2607460801169847
4530094000,0.4235701578921274,0.2608271043686305
4535093000,0.4240041308466382,0.2609073168638553
4540092000,0.4244375160662037,0.2609867209742373
4545091000,0.4248703136255814,0.261065320058577
4550090000,0.4253025236070169,0.261143117463001
4555089000,0.4257341460989243,0.2612201165209432
4560088000,0.4261651811968981,0.2612963205532431
4565087000,0.4265956290026842,0.261371732868142
4570086000,0.4270254896252079,0.2614463567613713
4575085000,0.4274547631793899,0.261520195516152
4580084000,0.4278834497870123,0.2615932524032679
4585083000,0.4283115495761234,0.2616655306810974
4590082000,0.4287390626809053,0.2617370335956469
4595081000,0.4291659892424387,0.2618077643806223
4600080000,0.4295923294073054,0.2618777262574266
4605079000,0.430018083328964,0.261946922435251
4610078000,0.4304432511664016,0.2620153561110757
4615077000,0.4308678330853435,0.2620830304697436
4620076000,0.4312918292567536,0.2621499486839711
4625075000,0.4317152398585842,0.2622161139144344
4630074000,0.4321380650734745,0.2622815293097486
4635073000,0.4325603050910258,0.2623461980065775
4640072000,0.4329819601061951,0.2624101231296261
4645071000,0.4334030303195147,0.2624733077916968
4650070000,0.4338235159375692,0.2625357550937394
4655069000,0.4342434171723175,0.2625974681248781
4660068000,0.4346627342414575,0.2626584499624643
4665067000,0.4350814673687022,0.2627187036721217
4670066000,0.4354996167822385,0.2627782323077585
4675065000,0.435917182716645,0.2628370389116435
4680064000,0.4363341654112094,0.2628951265144254
4685063000,0.4367505651114669,0.2629524981351852
4690062000,0.4371663820670886,0.2630091567814626
4695061000,0.437581616533957,0.2630651054493137
4700060000,0.4379962687729231,0.263120347123337
4705059000,0.438410339049742,0.2631748847767202
4710058000,0.4388238276354548,0.2632287213712785
4715057000,0.4392367348062192,0.2632818598574964
4720056000,0.439649060843081,0.2633343031745667
4725055000,0.4400608060321343,0.2633860542504317
4730054000,0.4404719706644389,0.2634371160018144
4735053000,0.4408825550358291,0.26348749133427
4740052000,0.4412925594470865,0.2635371831422187
4745051000,0.4417019842035739,0.2635861943089865
4750050000,0.4421108296157623,0.263634527706846
4755049000,0.4425190959983087,0.2636821861970531
4760048000,0.4429267836710193,0.2637291726298823
4765047000,0.4433338929581105,0.2637754898446752
4770046000,0.4437404241884286,0.2638211406698743
4775045000,0.444146377694894,0.2638661279230602
4780044000,0.4445517538158572,0.2639104544109847
4785043000,0.4449565528928883,0.2639541229296342
4790042000,0.445360775272917,0.2639971362642299
4795041000,0.4457644213072762,0.2640394971892913
4800040000,0.4461674913502673,0.2640812084686887
4805039000,0.4465699857619847,0.2641222728556333
4810038000,0.4469719049063361,0.2641626930927586
4815037000,0.447373249151007,0.2642024719121417
4820036000,0.4477740188681594,0.2642416120353414
4825035000,0.4481742144336647,0.2642801161734437
4830034000,0.448573836228265,0.2643179870270755
4835033000,0.4489728846356269,0.2643552272864835
4840032000,0.4493713600447871,0.2643918396315166
4845031000,0.449769262847135,0.2644278267317299
4850030000,0.4501665934390473,0.2644631912463644
4855029000,0.4505633522207422,0.2644979358243938
4860028000,0.4509595395956263,0.2645320631045983
4865027000,0.4513551559713518,0.2645655757155671
4870026000,0.4517502017589266,0.2645984762757476
4875025000,0.4521446773740923,0.2646307673934532
4880024000,0.4525385832350504,0.2646624516669543
4885023000,0.4529319197643218,0.2646935316844684
4890022000,0.4533246873875856,0.2647240100242348
4895021000,0.4537168865345336,0.2647538892545027
4900020000,0.4541085176382624,0.264783171933602
4905019000,0.454499581134715,0.264811860609998
4910018000,0.4548900774648672,0.264839957822235
4915017000,0.4552800070711078,0.2648674660991198
4920016000,0.4556693704010519,0.2648943879595943
4925015000,0.4560581679043338,0.2649207259129129
4930014000,0.4564464000343256,0.264946482458599
4935013000,0.4568340672481612,0.2649716600864673
4940012000,0.4572211700054418,0.264996261276733
4945011000,0.4576077087694219,0.2650202884999828
4950010000,0.4579936840066621,0.2650437442172169
4955009000,0.4583790961860135,0.2650666308799493
4960008000,0.4587639457808639,0.2650889509301084
4965007000,0.459148233266478,0.2651107068002248
4970006000,0.4595319591217841,0.2651319009133536
4975005000,0.4599151238283212,0.2651525356831834
4980004000,0.4602977278709335,0.2651726135140046
4985003000,0.4606797717372968,0.2651921368007913
4990002000,0.4610612559179215,0.2652111079292265
4995001000,0.4614421809063378,0.2652295292757206
5000000000,0.4618225471985202,0.2652474032074784